{
  "case_id": "bc8960a9-23b8-c1e9-3924-56de3eb13b90",
  "seed": 42,
  "archetype": "herniation",
  "patient": {
    "name": "Alexander Hill",
    "gender": "Male",
    "dob": "1960-04-27",
    "mrn": "MRN126225",
    "address": "819 Johnson Course, East William, AK 74064"
  },
  "incident": {
    "date": "2025-04-04",
    "type": "MVA",
    "mechanism": "Motor Vehicle Accident - Rear ended while stopped at red light."
  },
  "key_events": [
    {
      "id": "evt_ed_2025-04-04",
      "type": "ED Visit",
      "date": "2025-04-04",
      "expected_in_top10": true,
      "notes": "Initial ED presentation for neck/back pain. X-Rays negative."
    },
    {
      "id": "evt_pcp_2025-04-09",
      "type": "PCP Visit",
      "date": "2025-04-09",
      "expected_in_top10": false,
      "notes": "PCP referral to PT/Ortho. Work status note."
    },
    {
      "id": "evt_pt_eval_2025-04-12",
      "type": "PT Eval",
      "date": "2025-04-12",
      "expected_in_top10": true
    },
    {
      "id": "evt_mri_2025-05-18",
      "type": "MRI",
      "date": "2025-05-18",
      "expected_in_top10": true,
      "notes": "MRI revealed C5-C6: 3mm central disc protrusion indenting thecal sac. No cord signal abnormality."
    },
    {
      "id": "evt_ortho_2025-05-29",
      "type": "Ortho Consult",
      "date": "2025-05-29",
      "expected_in_top10": true,
      "notes": "Ortho Assessment: Radiculopathy"
    }
  ],
  "diagnoses": [
    {
      "date": "2025-04-04",
      "source": "ED Notes",
      "code": "S13.4XXA",
      "description": "Cervical Strain"
    },
    {
      "date": "2025-04-04",
      "source": "ED Notes",
      "code": "S33.5XXA",
      "description": "Lumbar Strain"
    },
    {
      "date": "2025-05-18",
      "source": "MRI",
      "code": "M50.20",
      "description": "Cervical Disc Displacement"
    }
  ],
  "imaging": [
    {
      "modality": "XR Cervical Spine",
      "date": "2025-04-04",
      "impression_contains": [
        "Straightening of cervical lordosis suggesting muscle spasm.",
        "No acute fracture."
      ]
    },
    {
      "modality": "XR Lumbar Spine",
      "date": "2025-04-04",
      "impression_contains": [
        "Unremarkable lumbar spine series.",
        "No fracture."
      ]
    },
    {
      "modality": "MRI Cervical Spine",
      "date": "2025-05-18",
      "impression_contains": [
        "C5-C6: 3mm central disc protrusion indenting thecal sac.",
        "No cord signal abnormality."
      ]
    }
  ],
  "procedures": [
    {
      "name": "Cervical ESI",
      "date": "2025-06-18",
      "details": "C6-C7 Interlaminar ESI"
    }
  ],
  "med_changes": [
    {
      "date": "2025-04-04",
      "type": "START",
      "medication": "Flexeril 10mg",
      "reason": "Muscle Spasm"
    },
    {
      "date": "2025-04-04",
      "type": "START",
      "medication": "Ibuprofen 800mg",
      "reason": "Pain"
    }
  ],
  "work_status": [
    {
      "date": "2025-04-09",
      "status": "Modified Duty: No lifting > 10lbs."
    }
  ],
  "treatment_gaps": [
    {
      "start_date": "2025-10-04",
      "end_date": "2025-11-11",
      "days": 38,
      "notes": "Gap in PT attendance."
    }
  ],
  "prior_history_flags": [
    {
      "date": "2022-12-17",
      "fact": "Prior complaints of intermittent neck stiffnes."
    }
  ],
  "expected_text_anchors": [
    {
      "anchor_id": "mri_impression_primary",
      "doc_type": "Radiology Report",
      "must_contain": [
        "IMPRESSION:",
        "C5-C6: 3mm central disc protrusion indenting thecal sac.",
        "No cord signal abnormality."
      ],
      "page_global": 33
    },
    {
      "anchor_id": "esi_procedure_core",
      "doc_type": "Procedure Note",
      "must_contain": [
        "C6-C7",
        "Depo-Medrol",
        "lidocaine",
        "Fluoroscopy",
        "Complications: None"
      ],
      "page_global": 150
    }
  ],
  "critical_pages": [],
  "anomalies": [
    {
      "type": "wrong_patient_info",
      "doc_type": "Packet Noise",
      "page_in_doc": 1,
      "page_global": 283,
      "details": {
        "expected_name": "Alexander Hill",
        "incorrect_name": "Alexander Hills"
      }
    }
  ]
}