[
  {
    "filename": "Prior_Chiro_2022-12-17.pdf",
    "doc_type": "Prior Records",
    "date": "2022-12-17",
    "start_page": 1,
    "end_page": 4,
    "page_count": 4
  },
  {
    "filename": "ED_Visit_2025-04-04.pdf",
    "doc_type": "ED Notes",
    "date": "2025-04-04",
    "start_page": 5,
    "end_page": 32,
    "page_count": 28
  },
  {
    "filename": "Imaging_XR_Cervical_Spine_2025-04-04.pdf",
    "doc_type": "Radiology Report",
    "date": "2025-04-04",
    "start_page": 33,
    "end_page": 34,
    "page_count": 2
  },
  {
    "filename": "Imaging_XR_Lumbar_Spine_2025-04-04.pdf",
    "doc_type": "Radiology Report",
    "date": "2025-04-04",
    "start_page": 35,
    "end_page": 36,
    "page_count": 2
  },
  {
    "filename": "Noise_858c22.pdf",
    "doc_type": "Packet Noise",
    "date": "FAXED: 2025-04-07",
    "start_page": 37,
    "end_page": 37,
    "page_count": 1
  },
  {
    "filename": "PCP_Referral_2025-04-09.pdf",
    "doc_type": "Misc",
    "date": "2025-04-09",
    "start_page": 38,
    "end_page": 43,
    "page_count": 6
  },
  {
    "filename": "Noise_3afd84.pdf",
    "doc_type": "Packet Noise",
    "date": "FAXED: 2025-04-11",
    "start_page": 44,
    "end_page": 45,
    "page_count": 2
  },
  {
    "filename": "PT_Eval_2025-04-12.pdf",
    "doc_type": "PT Records",
    "date": "2025-04-12",
    "start_page": 46,
    "end_page": 51,
    "page_count": 6
  },
  {
    "filename": "Noise_828261.pdf",
    "doc_type": "Packet Noise",
    "date": "FAXED: 2025-04-13",
    "start_page": 52,
    "end_page": 53,
    "page_count": 2
  },
  {
    "filename": "Noise_1d21c0.pdf",
    "doc_type": "Packet Noise",
    "date": "FAXED: 2025-04-21",
    "start_page": 54,
    "end_page": 55,
    "page_count": 2
  },
  {
    "filename": "PT_Daily_2025-04-15_2025-05-12.pdf",
    "doc_type": "PT Records",
    "date": "2025-05-12",
    "start_page": 56,
    "end_page": 75,
    "page_count": 20
  },
  {
    "filename": "PT_Progress_2025-05-12.pdf",
    "doc_type": "PT Records",
    "date": "2025-05-12",
    "start_page": 76,
    "end_page": 81,
    "page_count": 6
  },
  {
    "filename": "Noise_78c64d.pdf",
    "doc_type": "Packet Noise",
    "date": "FAXED: 2025-05-12",
    "start_page": 82,
    "end_page": 83,
    "page_count": 2
  },
  {
    "filename": "Imaging_MRI_Cervical_Spine_2025-05-18.pdf",
    "doc_type": "Radiology Report",
    "date": "2025-05-18",
    "start_page": 84,
    "end_page": 93,
    "page_count": 10
  },
  {
    "filename": "Noise_6fa935.pdf",
    "doc_type": "Packet Noise",
    "date": "FAXED: 2025-05-21",
    "start_page": 94,
    "end_page": 96,
    "page_count": 3
  },
  {
    "filename": "Ortho_Consult_2025-05-29.pdf",
    "doc_type": "Ortho Visit",
    "date": "2025-05-29",
    "start_page": 97,
    "end_page": 124,
    "page_count": 28
  },
  {
    "filename": "Noise_224eeb.pdf",
    "doc_type": "Packet Noise",
    "date": "FAXED: 2025-05-30",
    "start_page": 125,
    "end_page": 126,
    "page_count": 2
  },
  {
    "filename": "Noise_ad60c5.pdf",
    "doc_type": "Packet Noise",
    "date": "FAXED: 2025-05-31",
    "start_page": 127,
    "end_page": 128,
    "page_count": 2
  },
  {
    "filename": "Noise_90dafb.pdf",
    "doc_type": "Packet Noise",
    "date": "FAXED: 2025-06-11",
    "start_page": 129,
    "end_page": 129,
    "page_count": 1
  },
  {
    "filename": "PT_Daily_2025-05-14_2025-06-15.pdf",
    "doc_type": "PT Records",
    "date": "2025-06-15",
    "start_page": 130,
    "end_page": 149,
    "page_count": 20
  },
  {
    "filename": "Procedure_ESI_2025-06-18.pdf",
    "doc_type": "Procedure Note",
    "date": "2025-06-18",
    "start_page": 150,
    "end_page": 155,
    "page_count": 6
  },
  {
    "filename": "PT_Daily_2025-06-19_2025-07-14.pdf",
    "doc_type": "PT Records",
    "date": "2025-07-14",
    "start_page": 156,
    "end_page": 175,
    "page_count": 20
  },
  {
    "filename": "Noise_614784.pdf",
    "doc_type": "Packet Noise",
    "date": "FAXED: 2025-07-19",
    "start_page": 176,
    "end_page": 176,
    "page_count": 1
  },
  {
    "filename": "PT_Daily_2025-07-18_2025-08-14.pdf",
    "doc_type": "PT Records",
    "date": "2025-08-14",
    "start_page": 177,
    "end_page": 196,
    "page_count": 20
  },
  {
    "filename": "PT_Daily_2025-08-18_2025-09-15.pdf",
    "doc_type": "PT Records",
    "date": "2025-09-15",
    "start_page": 197,
    "end_page": 216,
    "page_count": 20
  },
  {
    "filename": "Noise_63aea3.pdf",
    "doc_type": "Packet Noise",
    "date": "FAXED: 2025-09-21",
    "start_page": 217,
    "end_page": 217,
    "page_count": 1
  },
  {
    "filename": "PT_Daily_2025-09-19_2025-11-20.pdf",
    "doc_type": "PT Records",
    "date": "2025-11-20",
    "start_page": 218,
    "end_page": 237,
    "page_count": 20
  },
  {
    "filename": "PT_Daily_2025-11-22_2025-12-19.pdf",
    "doc_type": "PT Records",
    "date": "2025-12-19",
    "start_page": 238,
    "end_page": 257,
    "page_count": 20
  },
  {
    "filename": "Noise_3c4070.pdf",
    "doc_type": "Packet Noise",
    "date": "FAXED: 2026-01-01",
    "start_page": 258,
    "end_page": 260,
    "page_count": 3
  },
  {
    "filename": "PT_Daily_2025-12-23_2026-01-18.pdf",
    "doc_type": "PT Records",
    "date": "2026-01-18",
    "start_page": 261,
    "end_page": 280,
    "page_count": 20
  },
  {
    "filename": "Noise_27b1ea.pdf",
    "doc_type": "Packet Noise",
    "date": "FAXED: 2026-01-23",
    "start_page": 281,
    "end_page": 282,
    "page_count": 2
  },
  {
    "filename": "Noise_d85105.pdf",
    "doc_type": "Packet Noise",
    "date": "FAXED: 2026-01-29",
    "start_page": 283,
    "end_page": 283,
    "page_count": 1
  },
  {
    "filename": "PT_Daily_2026-01-20_2026-02-16.pdf",
    "doc_type": "PT Records",
    "date": "2026-02-16",
    "start_page": 284,
    "end_page": 303,
    "page_count": 20
  },
  {
    "filename": "Noise_7db48a.pdf",
    "doc_type": "Packet Noise",
    "date": "FAXED: 2026-02-17",
    "start_page": 304,
    "end_page": 304,
    "page_count": 1
  },
  {
    "filename": "Noise_db6d50.pdf",
    "doc_type": "Packet Noise",
    "date": "FAXED: 2026-03-02",
    "start_page": 305,
    "end_page": 307,
    "page_count": 3
  },
  {
    "filename": "PT_Daily_2026-02-20_2026-03-15.pdf",
    "doc_type": "PT Records",
    "date": "2026-03-15",
    "start_page": 308,
    "end_page": 327,
    "page_count": 20
  },
  {
    "filename": "Noise_3a9279.pdf",
    "doc_type": "Packet Noise",
    "date": "FAXED: 2026-03-19",
    "start_page": 328,
    "end_page": 330,
    "page_count": 3
  },
  {
    "filename": "Noise_5b36c9.pdf",
    "doc_type": "Packet Noise",
    "date": "FAXED: 2026-03-23",
    "start_page": 331,
    "end_page": 331,
    "page_count": 1
  },
  {
    "filename": "PT_Daily_2026-03-19_2026-04-15.pdf",
    "doc_type": "PT Records",
    "date": "2026-04-15",
    "start_page": 332,
    "end_page": 351,
    "page_count": 20
  },
  {
    "filename": "PT_Daily_2026-04-19_2026-04-22.pdf",
    "doc_type": "PT Records",
    "date": "2026-04-22",
    "start_page": 352,
    "end_page": 356,
    "page_count": 5
  },
  {
    "filename": "PT_Discharge_2026-04-25.pdf",
    "doc_type": "Discharge Summary",
    "date": "2026-04-25",
    "start_page": 357,
    "end_page": 358,
    "page_count": 2
  },
  {
    "filename": "Noise_750354.pdf",
    "doc_type": "Packet Noise",
    "date": "FAXED: 2026-04-29",
    "start_page": 359,
    "end_page": 361,
    "page_count": 3
  },
  {
    "filename": "Noise_eee4d3.pdf",
    "doc_type": "Packet Noise",
    "date": "FAXED: 2026-04-29",
    "start_page": 362,
    "end_page": 363,
    "page_count": 2
  },
  {
    "filename": "Billing_Ledger.pdf",
    "doc_type": "Billing Ledger",
    "date": "2026-04-29",
    "start_page": 364,
    "end_page": 505,
    "page_count": 142
  }
]