[
  {
    "filename": "Prior_Chiro_2022-12-16.pdf",
    "doc_type": "Prior Records",
    "date": "2022-12-16",
    "start_page": 1,
    "end_page": 4,
    "page_count": 4
  },
  {
    "filename": "Noise_14883f.pdf",
    "doc_type": "Packet Noise",
    "date": "2023-01-10",
    "start_page": 5,
    "end_page": 5,
    "page_count": 1
  },
  {
    "filename": "Noise_08c810.pdf",
    "doc_type": "Packet Noise",
    "date": "2023-03-31",
    "start_page": 6,
    "end_page": 6,
    "page_count": 1
  },
  {
    "filename": "Noise_594f68.pdf",
    "doc_type": "Packet Noise",
    "date": "2023-04-04",
    "start_page": 7,
    "end_page": 9,
    "page_count": 3
  },
  {
    "filename": "Noise_3d9508.pdf",
    "doc_type": "Packet Noise",
    "date": "2023-04-06",
    "start_page": 10,
    "end_page": 10,
    "page_count": 1
  },
  {
    "filename": "Noise_3c893e.pdf",
    "doc_type": "Packet Noise",
    "date": "2023-04-28",
    "start_page": 11,
    "end_page": 11,
    "page_count": 1
  },
  {
    "filename": "Noise_83d0b2.pdf",
    "doc_type": "Packet Noise",
    "date": "2023-08-31",
    "start_page": 12,
    "end_page": 14,
    "page_count": 3
  },
  {
    "filename": "Noise_2c621d.pdf",
    "doc_type": "Packet Noise",
    "date": "2023-10-17",
    "start_page": 15,
    "end_page": 15,
    "page_count": 1
  },
  {
    "filename": "Noise_52955b.pdf",
    "doc_type": "Packet Noise",
    "date": "2024-03-22",
    "start_page": 16,
    "end_page": 17,
    "page_count": 2
  },
  {
    "filename": "Noise_b4ff0f.pdf",
    "doc_type": "Packet Noise",
    "date": "2024-05-07",
    "start_page": 18,
    "end_page": 18,
    "page_count": 1
  },
  {
    "filename": "Noise_58c67a.pdf",
    "doc_type": "Packet Noise",
    "date": "2024-07-20",
    "start_page": 19,
    "end_page": 21,
    "page_count": 3
  },
  {
    "filename": "Noise_3ce3b4.pdf",
    "doc_type": "Packet Noise",
    "date": "2024-08-05",
    "start_page": 22,
    "end_page": 24,
    "page_count": 3
  },
  {
    "filename": "Noise_8f36e2.pdf",
    "doc_type": "Packet Noise",
    "date": "2024-08-29",
    "start_page": 25,
    "end_page": 27,
    "page_count": 3
  },
  {
    "filename": "Noise_16506f.pdf",
    "doc_type": "Packet Noise",
    "date": "2024-11-12",
    "start_page": 28,
    "end_page": 29,
    "page_count": 2
  },
  {
    "filename": "ED_Visit_2025-04-04.pdf",
    "doc_type": "ED Notes",
    "date": "2025-04-04",
    "start_page": 30,
    "end_page": 57,
    "page_count": 28
  },
  {
    "filename": "Imaging_XR_Cervical_Spine_2025-04-04.pdf",
    "doc_type": "Radiology Report",
    "date": "2025-04-04",
    "start_page": 58,
    "end_page": 59,
    "page_count": 2
  },
  {
    "filename": "Imaging_XR_Lumbar_Spine_2025-04-04.pdf",
    "doc_type": "Radiology Report",
    "date": "2025-04-04",
    "start_page": 60,
    "end_page": 61,
    "page_count": 2
  },
  {
    "filename": "PCP_Referral_2025-04-09.pdf",
    "doc_type": "Misc",
    "date": "2025-04-09",
    "start_page": 62,
    "end_page": 67,
    "page_count": 6
  },
  {
    "filename": "PT_Eval_2025-04-12.pdf",
    "doc_type": "PT Records",
    "date": "2025-04-12",
    "start_page": 68,
    "end_page": 73,
    "page_count": 6
  },
  {
    "filename": "PT_Daily_2025-04-15_2025-05-12.pdf",
    "doc_type": "PT Records",
    "date": "2025-05-12",
    "start_page": 74,
    "end_page": 93,
    "page_count": 20
  },
  {
    "filename": "PT_Progress_2025-05-12.pdf",
    "doc_type": "PT Records",
    "date": "2025-05-12",
    "start_page": 94,
    "end_page": 99,
    "page_count": 6
  },
  {
    "filename": "Imaging_MRI_Cervical_Spine_2025-05-13.pdf",
    "doc_type": "Radiology Report",
    "date": "2025-05-13",
    "start_page": 100,
    "end_page": 109,
    "page_count": 10
  },
  {
    "filename": "Ortho_Consult_2025-05-20.pdf",
    "doc_type": "Ortho Visit",
    "date": "2025-05-20",
    "start_page": 110,
    "end_page": 127,
    "page_count": 18
  },
  {
    "filename": "Procedure_ESI_2025-06-05.pdf",
    "doc_type": "Procedure Note",
    "date": "2025-06-05",
    "start_page": 128,
    "end_page": 133,
    "page_count": 6
  },
  {
    "filename": "PT_Daily_2025-05-14_2025-06-15.pdf",
    "doc_type": "PT Records",
    "date": "2025-06-15",
    "start_page": 134,
    "end_page": 153,
    "page_count": 20
  },
  {
    "filename": "Noise_b30239.pdf",
    "doc_type": "Packet Noise",
    "date": "2025-06-25",
    "start_page": 154,
    "end_page": 155,
    "page_count": 2
  },
  {
    "filename": "PT_Daily_2025-06-19_2025-07-14.pdf",
    "doc_type": "PT Records",
    "date": "2025-07-14",
    "start_page": 156,
    "end_page": 175,
    "page_count": 20
  },
  {
    "filename": "PT_Daily_2025-07-18_2025-08-14.pdf",
    "doc_type": "PT Records",
    "date": "2025-08-14",
    "start_page": 176,
    "end_page": 195,
    "page_count": 20
  },
  {
    "filename": "Noise_cdcf96.pdf",
    "doc_type": "Packet Noise",
    "date": "2025-08-20",
    "start_page": 196,
    "end_page": 197,
    "page_count": 2
  },
  {
    "filename": "Noise_0e5965.pdf",
    "doc_type": "Packet Noise",
    "date": "2025-08-22",
    "start_page": 198,
    "end_page": 199,
    "page_count": 2
  },
  {
    "filename": "PT_Daily_2025-08-16_2025-09-14.pdf",
    "doc_type": "PT Records",
    "date": "2025-09-14",
    "start_page": 200,
    "end_page": 219,
    "page_count": 20
  },
  {
    "filename": "Noise_7b5d1e.pdf",
    "doc_type": "Packet Noise",
    "date": "2025-09-16",
    "start_page": 220,
    "end_page": 222,
    "page_count": 3
  },
  {
    "filename": "Noise_40bb5e.pdf",
    "doc_type": "Packet Noise",
    "date": "2025-09-18",
    "start_page": 223,
    "end_page": 224,
    "page_count": 2
  },
  {
    "filename": "PT_Daily_2025-09-18_2025-10-14.pdf",
    "doc_type": "PT Records",
    "date": "2025-10-14",
    "start_page": 225,
    "end_page": 244,
    "page_count": 20
  },
  {
    "filename": "PT_Daily_2025-10-17_2025-11-12.pdf",
    "doc_type": "PT Records",
    "date": "2025-11-12",
    "start_page": 245,
    "end_page": 264,
    "page_count": 20
  },
  {
    "filename": "PT_Daily_2025-11-16_2025-12-16.pdf",
    "doc_type": "PT Records",
    "date": "2025-12-16",
    "start_page": 265,
    "end_page": 284,
    "page_count": 20
  },
  {
    "filename": "PT_Daily_2025-12-19_2026-01-18.pdf",
    "doc_type": "PT Records",
    "date": "2026-01-18",
    "start_page": 285,
    "end_page": 304,
    "page_count": 20
  },
  {
    "filename": "Noise_91402d.pdf",
    "doc_type": "Packet Noise",
    "date": "2026-01-31",
    "start_page": 305,
    "end_page": 305,
    "page_count": 1
  },
  {
    "filename": "PT_Daily_2026-01-20_2026-02-16.pdf",
    "doc_type": "PT Records",
    "date": "2026-02-16",
    "start_page": 306,
    "end_page": 325,
    "page_count": 20
  },
  {
    "filename": "Noise_e89d41.pdf",
    "doc_type": "Packet Noise",
    "date": "2026-03-11",
    "start_page": 326,
    "end_page": 326,
    "page_count": 1
  },
  {
    "filename": "PT_Daily_2026-02-18_2026-03-21.pdf",
    "doc_type": "PT Records",
    "date": "2026-03-21",
    "start_page": 327,
    "end_page": 346,
    "page_count": 20
  },
  {
    "filename": "PT_Daily_2026-03-23_2026-04-04.pdf",
    "doc_type": "PT Records",
    "date": "2026-04-04",
    "start_page": 347,
    "end_page": 358,
    "page_count": 12
  },
  {
    "filename": "PT_Discharge_2026-04-07.pdf",
    "doc_type": "Discharge Summary",
    "date": "2026-04-07",
    "start_page": 359,
    "end_page": 360,
    "page_count": 2
  },
  {
    "filename": "Billing_Ledger.pdf",
    "doc_type": "Billing Ledger",
    "date": "2026-04-07",
    "start_page": 361,
    "end_page": 505,
    "page_count": 145
  }
]