[
  {
    "filename": "Prior_Chiro_2023-04-08.pdf",
    "doc_type": "Prior Records",
    "date": "2023-04-08",
    "start_page": 1,
    "end_page": 4,
    "page_count": 4
  },
  {
    "filename": "ED_Visit_2025-04-04.pdf",
    "doc_type": "ED Notes",
    "date": "2025-04-04",
    "start_page": 5,
    "end_page": 32,
    "page_count": 28
  },
  {
    "filename": "Imaging_XR_Cervical_Spine_2025-04-04.pdf",
    "doc_type": "Radiology Report",
    "date": "2025-04-04",
    "start_page": 33,
    "end_page": 34,
    "page_count": 2
  },
  {
    "filename": "Imaging_XR_Lumbar_Spine_2025-04-04.pdf",
    "doc_type": "Radiology Report",
    "date": "2025-04-04",
    "start_page": 35,
    "end_page": 36,
    "page_count": 2
  },
  {
    "filename": "Noise_bfa836.pdf",
    "doc_type": "Packet Noise",
    "date": "FAXED: 2025-04-06",
    "start_page": 37,
    "end_page": 39,
    "page_count": 3
  },
  {
    "filename": "PCP_Referral_2025-04-09.pdf",
    "doc_type": "Misc",
    "date": "2025-04-09",
    "start_page": 40,
    "end_page": 45,
    "page_count": 6
  },
  {
    "filename": "PT_Eval_2025-04-12.pdf",
    "doc_type": "PT Records",
    "date": "2025-04-12",
    "start_page": 46,
    "end_page": 51,
    "page_count": 6
  },
  {
    "filename": "Noise_44ccd7.pdf",
    "doc_type": "Packet Noise",
    "date": "FAXED: 2025-04-12",
    "start_page": 52,
    "end_page": 53,
    "page_count": 2
  },
  {
    "filename": "Noise_1471ba.pdf",
    "doc_type": "Packet Noise",
    "date": "FAXED: 2025-04-17",
    "start_page": 54,
    "end_page": 55,
    "page_count": 2
  },
  {
    "filename": "Imaging_MRI_Cervical_Spine_2025-05-08.pdf",
    "doc_type": "Radiology Report",
    "date": "2025-05-08",
    "start_page": 56,
    "end_page": 65,
    "page_count": 10
  },
  {
    "filename": "PT_Daily_2025-04-15_2025-05-12.pdf",
    "doc_type": "PT Records",
    "date": "2025-05-12",
    "start_page": 66,
    "end_page": 85,
    "page_count": 20
  },
  {
    "filename": "PT_Progress_2025-05-12.pdf",
    "doc_type": "PT Records",
    "date": "2025-05-12",
    "start_page": 86,
    "end_page": 91,
    "page_count": 6
  },
  {
    "filename": "Noise_bb4332.pdf",
    "doc_type": "Packet Noise",
    "date": "FAXED: 2025-05-16",
    "start_page": 92,
    "end_page": 92,
    "page_count": 1
  },
  {
    "filename": "Noise_f3ae9d.pdf",
    "doc_type": "Packet Noise",
    "date": "FAXED: 2025-05-16",
    "start_page": 93,
    "end_page": 93,
    "page_count": 1
  },
  {
    "filename": "Ortho_Consult_2025-05-19.pdf",
    "doc_type": "Ortho Visit",
    "date": "2025-05-19",
    "start_page": 94,
    "end_page": 111,
    "page_count": 18
  },
  {
    "filename": "Noise_e21284.pdf",
    "doc_type": "Packet Noise",
    "date": "FAXED: 2025-05-21",
    "start_page": 112,
    "end_page": 112,
    "page_count": 1
  },
  {
    "filename": "Noise_20a9bc.pdf",
    "doc_type": "Packet Noise",
    "date": "FAXED: 2025-05-22",
    "start_page": 113,
    "end_page": 113,
    "page_count": 1
  },
  {
    "filename": "Noise_ba443b.pdf",
    "doc_type": "Packet Noise",
    "date": "FAXED: 2025-05-22",
    "start_page": 114,
    "end_page": 114,
    "page_count": 1
  },
  {
    "filename": "Procedure_ESI_2025-06-02.pdf",
    "doc_type": "Procedure Note",
    "date": "2025-06-02",
    "start_page": 115,
    "end_page": 120,
    "page_count": 6
  },
  {
    "filename": "PT_Daily_2025-05-14_2025-06-15.pdf",
    "doc_type": "PT Records",
    "date": "2025-06-15",
    "start_page": 121,
    "end_page": 140,
    "page_count": 20
  },
  {
    "filename": "Noise_d2a2d6.pdf",
    "doc_type": "Packet Noise",
    "date": "FAXED: 2025-06-16",
    "start_page": 141,
    "end_page": 141,
    "page_count": 1
  },
  {
    "filename": "PT_Daily_2025-06-19_2025-07-14.pdf",
    "doc_type": "PT Records",
    "date": "2025-07-14",
    "start_page": 142,
    "end_page": 161,
    "page_count": 20
  },
  {
    "filename": "PT_Daily_2025-07-18_2025-08-14.pdf",
    "doc_type": "PT Records",
    "date": "2025-08-14",
    "start_page": 162,
    "end_page": 181,
    "page_count": 20
  },
  {
    "filename": "Noise_679d18.pdf",
    "doc_type": "Packet Noise",
    "date": "FAXED: 2025-08-25",
    "start_page": 182,
    "end_page": 184,
    "page_count": 3
  },
  {
    "filename": "Noise_7e60d4.pdf",
    "doc_type": "Packet Noise",
    "date": "FAXED: 2025-08-27",
    "start_page": 185,
    "end_page": 186,
    "page_count": 2
  },
  {
    "filename": "PT_Daily_2025-08-16_2025-09-14.pdf",
    "doc_type": "PT Records",
    "date": "2025-09-14",
    "start_page": 187,
    "end_page": 206,
    "page_count": 20
  },
  {
    "filename": "PT_Daily_2025-09-18_2025-11-18.pdf",
    "doc_type": "PT Records",
    "date": "2025-11-18",
    "start_page": 207,
    "end_page": 226,
    "page_count": 20
  },
  {
    "filename": "PT_Daily_2025-11-22_2025-12-16.pdf",
    "doc_type": "PT Records",
    "date": "2025-12-16",
    "start_page": 227,
    "end_page": 246,
    "page_count": 20
  },
  {
    "filename": "Noise_69866d.pdf",
    "doc_type": "Packet Noise",
    "date": "FAXED: 2025-12-23",
    "start_page": 247,
    "end_page": 247,
    "page_count": 1
  },
  {
    "filename": "Noise_98027b.pdf",
    "doc_type": "Packet Noise",
    "date": "FAXED: 2025-12-23",
    "start_page": 248,
    "end_page": 250,
    "page_count": 3
  },
  {
    "filename": "PT_Daily_2025-12-19_2026-01-20.pdf",
    "doc_type": "PT Records",
    "date": "2026-01-20",
    "start_page": 251,
    "end_page": 270,
    "page_count": 20
  },
  {
    "filename": "Noise_f00a40.pdf",
    "doc_type": "Packet Noise",
    "date": "FAXED: 2026-01-24",
    "start_page": 271,
    "end_page": 273,
    "page_count": 3
  },
  {
    "filename": "Noise_90bbe2.pdf",
    "doc_type": "Packet Noise",
    "date": "FAXED: 2026-01-29",
    "start_page": 274,
    "end_page": 276,
    "page_count": 3
  },
  {
    "filename": "PT_Daily_2026-01-24_2026-02-19.pdf",
    "doc_type": "PT Records",
    "date": "2026-02-19",
    "start_page": 277,
    "end_page": 296,
    "page_count": 20
  },
  {
    "filename": "PT_Daily_2026-02-23_2026-03-20.pdf",
    "doc_type": "PT Records",
    "date": "2026-03-20",
    "start_page": 297,
    "end_page": 316,
    "page_count": 20
  },
  {
    "filename": "Noise_9739bf.pdf",
    "doc_type": "Packet Noise",
    "date": "FAXED: 2026-03-21",
    "start_page": 317,
    "end_page": 318,
    "page_count": 2
  },
  {
    "filename": "Noise_7c0b52.pdf",
    "doc_type": "Packet Noise",
    "date": "FAXED: 2026-03-27",
    "start_page": 319,
    "end_page": 320,
    "page_count": 2
  },
  {
    "filename": "PT_Daily_2026-03-24_2026-04-22.pdf",
    "doc_type": "PT Records",
    "date": "2026-04-22",
    "start_page": 321,
    "end_page": 340,
    "page_count": 20
  },
  {
    "filename": "PT_Daily_2026-04-25_2026-05-07.pdf",
    "doc_type": "PT Records",
    "date": "2026-05-07",
    "start_page": 341,
    "end_page": 352,
    "page_count": 12
  },
  {
    "filename": "PT_Discharge_2026-05-10.pdf",
    "doc_type": "Discharge Summary",
    "date": "2026-05-10",
    "start_page": 353,
    "end_page": 354,
    "page_count": 2
  },
  {
    "filename": "Noise_3e9d29.pdf",
    "doc_type": "Packet Noise",
    "date": "FAXED: 2026-05-10",
    "start_page": 355,
    "end_page": 357,
    "page_count": 3
  },
  {
    "filename": "Noise_57e244.pdf",
    "doc_type": "Packet Noise",
    "date": "FAXED: 2026-05-13",
    "start_page": 358,
    "end_page": 360,
    "page_count": 3
  },
  {
    "filename": "Billing_Ledger.pdf",
    "doc_type": "Billing Ledger",
    "date": "2026-05-13",
    "start_page": 361,
    "end_page": 505,
    "page_count": 145
  }
]